<?xml version="1.0" encoding="UTF-8"?>
<project-private xmlns="http://www.netbeans.org/ns/project-private/1">
    <editor-bookmarks xmlns="http://www.netbeans.org/ns/editor-bookmarks/2" lastBookmarkId="0"/>
    <open-files xmlns="http://www.netbeans.org/ns/projectui-open-files/2">
        <group>
            <file>file:/C:/Users/EMERSONCORDEIRODELIM/Downloads/Projeto-A3-main%20(1)/Projeto-A3-main/projetoA3/projetoA3/src/FunciProjeto/ConsultarProjeto_1.java</file>
            <file>file:/C:/Users/EMERSONCORDEIRODELIM/Downloads/Projeto-A3-main%20(1)/Projeto-A3-main/projetoA3/projetoA3/src/TelaPrincipal/MenuPrincipal.java</file>
            <file>file:/C:/Users/EMERSONCORDEIRODELIM/Downloads/Projeto-A3-main%20(1)/Projeto-A3-main/projetoA3/projetoA3/src/FunciProjeto/ConsultarFunci_1.java</file>
            <file>file:/C:/Users/EMERSONCORDEIRODELIM/Downloads/Projeto-A3-main%20(1)/Projeto-A3-main/projetoA3/projetoA3/src/Login/ConsultarCredenciais_1.java</file>
            <file>file:/C:/Users/EMERSONCORDEIRODELIM/Downloads/Projeto-A3-main%20(1)/Projeto-A3-main/projetoA3/projetoA3/src/Login/TelaLogin.java</file>
            <file>file:/C:/Users/EMERSONCORDEIRODELIM/Downloads/Projeto-A3-main%20(1)/Projeto-A3-main/projetoA3/projetoA3/src/TelaPrincipal/menuFunci.java</file>
            <file>file:/C:/Users/EMERSONCORDEIRODELIM/Downloads/Projeto-A3-main%20(1)/Projeto-A3-main/projetoA3/projetoA3/src/FunciProjeto/AdicionarFunci.java</file>
        </group>
    </open-files>
</project-private>
